{
		"info": {
			"_postman_id": "a8a1b3a3-7b8b-4b4f-8a8a-3b3b3b3b3b3b",
			"name": "Fasilkom UNSRI API",
			"schema": "https://schema.getpostman.com/json/collection/v2.1.0/collection.json"
		},
		"item": [
			{
				"name": "Uploads",
				"item": [
					{
						"name": "Upload Image",
						"request": {
							"method": "POST",
							"header": [],
							"body": {
								"mode": "formdata",
								"formdata": [
									{
										"key": "image",
										"type": "file",
										"src": []
									}
								]
							},
							"url": {
								"raw": "http://localhost:3000/api/v1/upload",
								"protocol": "http",
								"host": [
									"localhost"
								],
								"port": "3000",
								"path": [
									"api",
									"v1",
									"upload"
								]
							}
						},
						"response": []
					}
				]
			},
			{
				"name": "News",
				"item": [
					{
						"name": "Get All News",
						"request": {
							"method": "GET",
							"url": {
								"raw": "http://localhost:3000/api/v1/news",
								"protocol": "http",
								"host": ["localhost"],
								"port": "3000",
								"path": ["api", "v1", "news"]
							}
						}
					},
					{
						"name": "Get News By ID",
						"request": {
							"method": "GET",
							"url": {
								"raw": "http://localhost:3000/api/v1/news/1",
								"protocol": "http",
								"host": ["localhost"],
								"port": "3000",
								"path": ["api", "v1", "news", "1"]
							}
						}
					},
					{
						"name": "Create News",
						"request": {
							"method": "POST",
							"header": [{"key": "Content-Type", "value": "application/json"}],
							"body": {
								"mode": "raw",
								"raw": "{\n    \"title\": \"Judul Berita Baru\",\n    \"content\": \"Ini adalah isi dari berita baru.\",\n    \"author\": \"Admin\",\n    \"publishedAt\": \"2025-08-15T12:00:00Z\",\n    \"headerImageURL\": \"/uploads/your-image.jpg\"\n}"
							},
							"url": {
								"raw": "http://localhost:3000/api/v1/news",
								"protocol": "http",
								"host": ["localhost"],
								"port": "3000",
								"path": ["api", "v1", "news"]
							}
						}
					},
					{
						"name": "Update News (Partial)",
						"request": {
							"method": "PATCH",
							"header": [{"key": "Content-Type", "value": "application/json"}],
							"body": {
								"mode": "raw",
								"raw": "{\n    \"title\": \"Judul Update\",\n    \"commentCount\": 5\n}"
							},
							"url": {
								"raw": "http://localhost:3000/api/v1/news/1",
								"protocol": "http",
								"host": ["localhost"],
								"port": "3000",
								"path": ["api", "v1", "news", "1"]
							}
						}
					},
					{
						"name": "Delete News",
						"request": {
							"method": "DELETE",
							"url": {
								"raw": "http://localhost:3000/api/v1/news/1",
								"protocol": "http",
								"host": ["localhost"],
								"port": "3000",
								"path": ["api", "v1", "news", "1"]
							}
						}
					}
				]
			},
			{
				"name": "Research Teams",
				"item": [
					{
						"name": "Get All Research Teams",
						"request": {
							"method": "GET",
							"url": {
								"raw": "http://localhost:3000/api/v1/research-teams",
								"protocol": "http",
								"host": ["localhost"],
								"port": "3000",
								"path": ["api", "v1", "research-teams"]
							}
						}
					},
					{
						"name": "Get Research Team By ID",
						"request": {
							"method": "GET",
							"url": {
								"raw": "http://localhost:3000/api/v1/research-teams/1",
								"protocol": "http",
								"host": ["localhost"],
								"port": "3000",
								"path": ["api", "v1", "research-teams", "1"]
							}
						}
					},
					{
						"name": "Create Research Team",
						"request": {
							"method": "POST",
							"header": [{"key": "Content-Type", "value": "application/json"}],
							"body": {
								"mode": "raw",
								"raw": "{\n    \"teamName\": \"AI Research Group\",\n    \"teamLead\": \"Dr. Budi\",\n    \"members\": \"Andi, Susi, Tono\",\n    \"researchDescription\": \"Riset tentang Kecerdasan Buatan\",\n    \"image\": \"/uploads/your-image.jpg\"\n}"
							},
							"url": {
								"raw": "http://localhost:3000/api/v1/research-teams",
								"protocol": "http",
								"host": ["localhost"],
								"port": "3000",
								"path": ["api", "v1", "research-teams"]
							}
						}
					},
					{
						"name": "Update Research Team (Partial)",
						"request": {
							"method": "PATCH",
							"header": [{"key": "Content-Type", "value": "application/json"}],
							"body": {
								"mode": "raw",
								"raw": "{\n    \"teamLead\": \"Dr. Santoso\"\n}"
							},
							"url": {
								"raw": "http://localhost:3000/api/v1/research-teams/1",
								"protocol": "http",
								"host": ["localhost"],
								"port": "3000",
								"path": ["api", "v1", "research-teams", "1"]
							}
						}
					},
					{
						"name": "Delete Research Team",
						"request": {
							"method": "DELETE",
							"url": {
								"raw": "http://localhost:3000/api/v1/research-teams/1",
								"protocol": "http",
								"host": ["localhost"],
								"port": "3000",
								"path": ["api", "v1", "research-teams", "1"]
							}
						}
					}
				]
			},
			{
				"name": "Downloadable Files",
				"item": [
					{
						"name": "Get All Downloadable Files",
						"request": {
							"method": "GET",
							"url": {
								"raw": "http://localhost:3000/api/v1/downloadable-files",
								"protocol": "http",
								"host": ["localhost"],
								"port": "3000",
								"path": ["api", "v1", "downloadable-files"]
							}
						}
					},
					{
						"name": "Get Downloadable File By ID",
						"request": {
							"method": "GET",
							"url": {
								"raw": "http://localhost:3000/api/v1/downloadable-files/1",
								"protocol": "http",
								"host": ["localhost"],
								"port": "3000",
								"path": ["api", "v1", "downloadable-files", "1"]
							}
						}
					},
					{
						"name": "Create Downloadable File",
						"request": {
							"method": "POST",
							"header": [{"key": "Content-Type", "value": "application/json"}],
							"body": {
								"mode": "raw",
								"raw": "{\n    \"fileName\": \"Kalender Akademik 2025\",\n    \"description\": \"Kalender akademik untuk tahun ajaran 2025\",\n    \"fileURL\": \"https://example.com/kalender.pdf\",\n    \"fileSize\": 1024,\n    \"fileType\": \"PDF\"\n}"
							},
							"url": {
								"raw": "http://localhost:3000/api/v1/downloadable-files",
								"protocol": "http",
								"host": ["localhost"],
								"port": "3000",
								"path": ["api", "v1", "downloadable-files"]
							}
						}
					},
					{
						"name": "Update Downloadable File (Partial)",
						"request": {
							"method": "PATCH",
							"header": [{"key": "Content-Type", "value": "application/json"}],
							"body": {
								"mode": "raw",
								"raw": "{\n    \"description\": \"Kalender akademik terbaru semester genap\"\n}"
							},
							"url": {
								"raw": "http://localhost:3000/api/v1/downloadable-files/1",
								"protocol": "http",
								"host": ["localhost"],
								"port": "3000",
								"path": ["api", "v1", "downloadable-files", "1"]
							}
						}
					},
					{
						"name": "Delete Downloadable File",
						"request": {
							"method": "DELETE",
							"url": {
								"raw": "http://localhost:3000/api/v1/downloadable-files/1",
								"protocol": "http",
								"host": ["localhost"],
								"port": "3000",
								"path": ["api", "v1", "downloadable-files", "1"]
							}
						}
					}
				]
			},
			{
				"name": "Certifications",
				"item": [
					{
						"name": "Get All Certifications",
						"request": {
							"method": "GET",
							"url": {
								"raw": "http://localhost:3000/api/v1/certifications",
								"protocol": "http",
								"host": ["localhost"],
								"port": "3000",
								"path": ["api", "v1", "certifications"]
							}
						}
					},
					{
						"name": "Get Certification By ID",
						"request": {
							"method": "GET",
							"url": {
								"raw": "http://localhost:3000/api/v1/certifications/1",
								"protocol": "http",
								"host": ["localhost"],
								"port": "3000",
								"path": ["api", "v1", "certifications", "1"]
							}
						}
					},
					{
						"name": "Create Certification",
						"request": {
							"method": "POST",
							"header": [{"key": "Content-Type", "value": "application/json"}],
							"body": {
								"mode": "raw",
								"raw": "{\n    \"certificationName\": \"Certified Go Developer\",\n    \"issuingOrganization\": \"Go Lang Institute\",\n    \"description\": \"Sertifikasi untuk pengembang Go.\",\n    \"certificationLink\": \"https://example.com/cert\"\n}"
							},
							"url": {
								"raw": "http://localhost:3000/api/v1/certifications",
								"protocol": "http",
								"host": ["localhost"],
								"port": "3000",
								"path": ["api", "v1", "certifications"]
							}
						}
					},
					{
						"name": "Update Certification (Partial)",
						"request": {
							"method": "PATCH",
							"header": [{"key": "Content-Type", "value": "application/json"}],
							"body": {
								"mode": "raw",
								"raw": "{\n    \"issuingOrganization\": \"Google\"\n}"
							},
							"url": {
								"raw": "http://localhost:3000/api/v1/certifications/1",
								"protocol": "http",
								"host": ["localhost"],
								"port": "3000",
								"path": ["api", "v1", "certifications", "1"]
							}
						}
					},
					{
						"name": "Delete Certification",
						"request": {
							"method": "DELETE",
							"url": {
								"raw": "http://localhost:3000/api/v1/certifications/1",
								"protocol": "http",
								"host": ["localhost"],
								"port": "3000",
								"path": ["api", "v1", "certifications", "1"]
							}
						}
					}
				]
			},
			{
				"name": "Gallery",
				"item": [
					{
						"name": "Get All Gallery Items",
						"request": {
							"method": "GET",
							"url": {
								"raw": "http://localhost:3000/api/v1/gallery",
								"protocol": "http",
								"host": ["localhost"],
								"port": "3000",
								"path": ["api", "v1", "gallery"]
							}
						}
					},
					{
						"name": "Get Gallery Item By ID",
						"request": {
							"method": "GET",
							"url": {
								"raw": "http://localhost:3000/api/v1/gallery/1",
								"protocol": "http",
								"host": ["localhost"],
								"port": "3000",
								"path": ["api", "v1", "gallery", "1"]
							}
						}
					},
					{
						"name": "Create Gallery Item",
						"request": {
							"method": "POST",
							"header": [{"key": "Content-Type", "value": "application/json"}],
							"body": {
								"mode": "raw",
								"raw": "{\n    \"imageTitle\": \"Wisuda 2025\",\n    \"description\": \"Momen wisuda angkatan 2021.\",\n    \"imageURL\": \"/uploads/your-image.jpg\"\n}"
							},
							"url": {
								"raw": "http://localhost:3000/api/v1/gallery",
								"protocol": "http",
								"host": ["localhost"],
								"port": "3000",
								"path": ["api", "v1", "gallery"]
							}
						}
					},
					{
						"name": "Update Gallery Item (Partial)",
						"request": {
							"method": "PATCH",
							"header": [{"key": "Content-Type", "value": "application/json"}],
							"body": {
								"mode": "raw",
								"raw": "{\n    \"description\": \"Momen wisuda Sarjana Komputer 2021.\"\n}"
							},
							"url": {
								"raw": "http://localhost:3000/api/v1/gallery/1",
								"protocol": "http",
								"host": ["localhost"],
								"port": "3000",
								"path": ["api", "v1", "gallery", "1"]
							}
						}
					},
					{
						"name": "Delete Gallery Item",
						"request": {
							"method": "DELETE",
							"url": {
								"raw": "http://localhost:3000/api/v1/gallery/1",
								"protocol": "http",
								"host": ["localhost"],
								"port": "3000",
								"path": ["api", "v1", "gallery", "1"]
							}
						}
					}
				]
			}
		]
	}